"month","revenue"
2009-12-01,801102.97
2010-01-01,613850.81
2010-02-01,539744.69
2010-03-01,764333.85
2010-04-01,648993.82
2010-05-01,645645.39
2010-06-01,699316.02
2010-07-01,634896.99
2010-08-01,676060.72
2010-09-01,871878.34
2010-10-01,1098017.67
2010-11-01,1435680.12
2010-12-01,1187158.33
2011-01-01,594749.59
2011-02-01,508886.20
2011-03-01,691257.61
2011-04-01,516218.12
2011-05-01,741192.41
2011-06-01,738751.87
2011-07-01,689364.41
2011-08-01,725513.50
2011-09-01,1030475.36
2011-10-01,1106669.82
2011-11-01,1457745.53
